{
  "description": {
    "title": "PONTUAL GAMES",
    "text": "PONTUAL GAMES LOJA ESPECIALIZADA NA VENDA DE CARTÕES PRÉ PAGOS E GIFTS CARDS PARA AS PLATAFORMAS: GOOGLE PLAY, PLAYSTATION,NINTENDO,XBOX,STEAM, NETFLIX, FREE FIRE, E MUITOS OUTROS."
  },
  "links_1": {
    "list_pages": true,
    "title": "Páginas",
    "list": []
  },
  "links_2": {
    "list_categories": true,
    "title": "Categorias",
    "list": []
  },
  "contacts": {
    "title": "Contatos",
    "phone_wpp": true,
    "socials": true,
    "email": true,
    "address": true
  },
  "stamps": [
    {
      "src": "/img/uploads/ssl-safe.png",
      "alt": "Secure connection"
    }
  ],
  "payment_methods": {
    "bb": true,
    "visa": true,
    "boleto": true,
    "aura": false,
    "banrisul": false,
    "elo": true,
    "hipercard": false,
    "hsbc": false,
    "bradesco": true,
    "santander": false,
    "mastercard": true,
    "citibank": false,
    "mais": false,
    "itau": true
  },
  "credits": "PONTUAL GAMES - GIFTS CARDS E JOGOS - CNPJ: 42.990.045/0001-09 © 2021 Todos os direitos reservados"
}
