{
  "meta_title": "",
  "meta_description": "",
  "sections": [
    {
      "type": "banner-slider",
      "autoplay": 9000,
      "slides": [
        {
          "start": "",
          "end": "",
          "img": "/img/uploads/bannerpsn.jpg"
        },
        {
          "start": "",
          "end": "",
          "img": "/img/uploads/banner02.jpg"
        },
        {
          "start": "",
          "end": "",
          "img": "/img/uploads/banner04.jpg"
        },
        {
          "start": "",
          "end": "",
          "img": "/img/uploads/banner03.jpg"
        }
      ]
    },
    {
      "type": "responsive-banner",
      "img": "/img/uploads/desconto.jpg"
    },
    {
      "type": "banners-grid",
      "banners": [
        {
          "img": "/img/uploads/steam1.jpg"
        },
        {
          "img": "/img/uploads/googleplay.jpg"
        }
      ]
    },
    {
      "type": "collection-shelf",
      "shuffle": true,
      "collection_id": "6115974fcfbcd970597c6599:categories:PLAYSTATION:/playstation/",
      "limit": 4,
      "page": 1,
      "sort": "sales"
    },
    {
      "type": "collection-shelf",
      "shuffle": false,
      "limit": 4,
      "page": 1,
      "collection_id": "61159750cfbcd970597c659b:categories:NINTENDO:/nintendo/",
      "sort": "slug"
    },
    {
      "type": "collection-shelf",
      "shuffle": false,
      "limit": 4,
      "page": 1,
      "collection_id": "6115974ecfbcd970597c6596:categories:XBOX:/xbox/",
      "sort": "sales"
    },
    {
      "type": "collection-shelf",
      "shuffle": false,
      "limit": 4,
      "page": 1,
      "collection_id": "61159763cfbcd970597c65c7:categories:GOOGLE PLAY STORE:/google-play-store/",
      "sort": "sales"
    },
    {
      "type": "collection-shelf",
      "shuffle": false,
      "limit": 4,
      "page": 1,
      "collection_id": "6115975fcfbcd970597c65be:categories:CARTÃO RECARGA NETFLIX:/cartao-recarga-netflix/",
      "sort": "sales"
    }
  ]
}